mode,figure_name,brand,product_line,series_title,sculptor,scale,materials,seller,age,authenticity,issues,issue_description
data,Wirebug,Kaiyodo,Revoltech Amazing Yamaguchi,Monster Hunter RiseMonster Hunter Series,"Daichi Sugimoto, Shoutaro Sakamoto, Yu Shiying",,PVC & ABS,AmiAmi,2 Years,true,[],Reddit report: https://reddit.com/r/AmazingYamaguchi/comments/1s43bvf/side_to_side_hipleg_joint_movement_is_loose_but/
data,Agent Venom,Kaiyodo,Revoltech Amazing Yamaguchi,Spider-Man Series  Marvel Comics,Katsuhisa Yamaguchi,,"PVC, ABS, POM",AmiAmi,1 Year,true,[],Reddit report: https://reddit.com/r/AmazingYamaguchi/comments/1s2rlcb/agent_venoms_chest_splitting_apart/
data,Ayane,Kaiyodo,Revoltech Amazing Yamaguchi,NINJA GAIDEN,Yu Shiying,,"PVC, ABS, POM",AmiAmi,1 Year,true,[],Reddit report: https://reddit.com/r/AmazingYamaguchi/comments/1s1wb8n/ng3_ayane_qc_question/
data,All Might,Kaiyodo,Revoltech Amazing Yamaguchi,My Hero Academia (Boku no Hero Academia),Katsuhisa Yamaguchi,,"Main Figure: PVC, ABS / Joint: ABS, POM",AmiAmi,6 Years,true,[],Reddit report: https://reddit.com/r/AmazingYamaguchi/comments/1rz7hm6/anyone_know_how_i_can_fix_the_hip_ball_joint_on/
data,Batman Beyond (Terry McGinnis),Kaiyodo,Revoltech Amazing Yamaguchi,Batman Beyond Batman Series DC Comics,Katsuhisa Yamaguchi,,"PVC, ABS, POM",AmiAmi,1 Year,true,[],Reddit report: https://reddit.com/r/AmazingYamaguchi/comments/1ruzu4u/broken_batman_beyond/
data,Izuku Midoriya(Deku),Kaiyodo,Revoltech Amazing Yamaguchi,My Hero Academia (Boku no Hero Academia),Katsuhisa Yamaguchi,,"PVC, ABS, POM",AmiAmi,2 Years,true,"[""warped_parts""]",Reddit report: https://reddit.com/r/AmazingYamaguchi/comments/1ro1oqe/new_deku_revoltech_qc_problem/
data,Katsuki Bakugo (Great Explosion Murder God Dynamight),Takara Tomy X Kaiyodo,Revoltech Amazing Yamaguchi,My Hero Academia (Boku no Hero Academia),Katsuhisa Yamaguchi,,"Main Part: PVC, ABS / Joint: ABS, POM",AmiAmi,5 Years,true,[],Reddit report: https://reddit.com/r/AmazingYamaguchi/comments/1rg90c1/hey_guys_i_got_this_revoltech_bakugo_on_ebay_and/
data,Batman Beyond (Terry McGinnis),Kaiyodo,Revoltech Amazing Yamaguchi,Batman Beyond Batman Series DC Comics,Katsuhisa Yamaguchi,,"PVC, ABS, POM",AmiAmi,1 Year,true,[],Reddit report: https://reddit.com/r/AmazingYamaguchi/comments/1r5av8j/im_tired_of_gambling_on_100_dollar_figures/
data,Psylocke,Kaiyodo,Revoltech Amazing Yamaguchi,X-MEN X-MEN Series Marvel Comics,Katsuhisa Yamaguchi,,"Main Part: PVC, ABS Joint: Nylon, POM",AmiAmi,8 Years,true,[],Reddit report: https://reddit.com/r/AmazingYamaguchi/comments/1qsnh6k/hey_guys_i_need_help_i_recently_broke_this_piece/
data,Batman Beyond (Terry McGinnis),Kaiyodo,Revoltech Amazing Yamaguchi,Batman Beyond Batman Series DC Comics,Katsuhisa Yamaguchi,,"PVC, ABS, POM",AmiAmi,1 Year,true,[],Reddit report: https://reddit.com/r/AmazingYamaguchi/comments/1qscmyh/batman_beyond_qc/
data,Moon Knight,Kaiyodo,Revoltech Amazing Yamaguchi,Marvel Comics,Yamaguchi Katsuhisa,,PVC & ABS,AmiAmi,3 Years,true,[],Reddit report: https://reddit.com/r/AmazingYamaguchi/comments/1qq4s0f/hows_his_joint_after_few_years_monster_hunter/
data,Psylocke,Kaiyodo,Revoltech Amazing Yamaguchi,X-MEN X-MEN Series Marvel Comics,Katsuhisa Yamaguchi,,"Main Part: PVC, ABS Joint: Nylon, POM",AmiAmi,8 Years,true,[],Reddit report: https://reddit.com/r/AmazingYamaguchi/comments/1qp227d/i_need_help_with_my_psylocke_so_far_this_figure/
data,Psylocke,Kaiyodo,Revoltech Amazing Yamaguchi,X-MEN X-MEN Series Marvel Comics,Katsuhisa Yamaguchi,,"Main Part: PVC, ABS Joint: Nylon, POM",AmiAmi,8 Years,true,[],Reddit report: https://reddit.com/r/AmazingYamaguchi/comments/1qoyomj/i_need_help_with_a_joint_on_my_psylocke_on_the/
data,Batman Beyond (Terry McGinnis),Kaiyodo,Revoltech Amazing Yamaguchi,Batman Beyond Batman Series DC Comics,Katsuhisa Yamaguchi,,"PVC, ABS, POM",AmiAmi,1 Year,true,[],Reddit report: https://reddit.com/r/AmazingYamaguchi/comments/1qoejgn/revoltechs_yellow/
data,All Might,Kaiyodo,Revoltech Amazing Yamaguchi,My Hero Academia (Boku no Hero Academia),Katsuhisa Yamaguchi,,"Main Figure: PVC, ABS / Joint: ABS, POM",AmiAmi,6 Years,true,"[""missing_parts""]",Reddit report: https://reddit.com/r/AmazingYamaguchi/comments/1qnsn44/is_anybody_willing_to_sell_me_a_broken_amazing/
data,Juri,Kaiyodo,Revoltech Amazing Yamaguchi,Street Fighter 6 Street Fighter Series,Shotaro Sakamoto,,"PVC, ABS, POM",AmiAmi,1 Year,true,"[""broken_parts""]",Reddit report: https://reddit.com/r/AmazingYamaguchi/comments/1qh7xpa/help_removing_broken_peg_from_hand/
data,Batman Beyond (Terry McGinnis),Kaiyodo,Revoltech Amazing Yamaguchi,Batman Beyond Batman Series DC Comics,Katsuhisa Yamaguchi,,"PVC, ABS, POM",AmiAmi,1 Year,true,[],Reddit report: https://reddit.com/r/AmazingYamaguchi/comments/1qfxume/is_this_a_common_problem_with_batman_beyond/
data,Juri,Kaiyodo,Revoltech Amazing Yamaguchi,Street Fighter 6 Street Fighter Series,Shotaro Sakamoto,,"PVC, ABS, POM",AmiAmi,1 Year,true,[],Reddit report: https://reddit.com/r/AmazingYamaguchi/comments/1qa221k/first_revoltech_and/
data,Spider-Man(Peter Parker),Kaiyodo,Revoltech Amazing Yamaguchi,Spider-Man Series  Marvel Comics,Katsuhisa Yamaguchi,,"PVC, ABS, POM, Magnet",AmiAmi,New,true,[],Reddit report: https://reddit.com/r/AmazingYamaguchi/comments/1q8q29b/spiderman_20_qc/
data,Chun Li,Kaiyodo,Revoltech,Street Fighter Series,Yu Shiying,,"PVC, ABS, POM",AmiAmi,1 Year,true,[],Reddit report: https://reddit.com/r/AmazingYamaguchi/comments/1q7zoyf/question_help/
data,Izuku Midoriya(Deku),Kaiyodo,Revoltech Amazing Yamaguchi,My Hero Academia (Boku no Hero Academia),Katsuhisa Yamaguchi,,"PVC, ABS, POM",AmiAmi,2 Years,true,[],Reddit report: https://reddit.com/r/AmazingYamaguchi/comments/1q3mc99/help_me_with_my_revoltech_deku_issues_please/
data,Juri,Kaiyodo,Revoltech Amazing Yamaguchi,Street Fighter 6 Street Fighter Series,Shotaro Sakamoto,,"PVC, ABS, POM",AmiAmi,1 Year,true,[],Reddit report: https://reddit.com/r/AmazingYamaguchi/comments/1q2kdun/got_juri_han_but/
data,Batman Beyond (Terry McGinnis),Kaiyodo,Revoltech Amazing Yamaguchi,Batman Beyond Batman Series DC Comics,Katsuhisa Yamaguchi,,"PVC, ABS, POM",AmiAmi,1 Year,true,"[""stiff_joints""]",Reddit report: https://reddit.com/r/AmazingYamaguchi/comments/1q0r616/i_need_help_with_tight_joints/
data,Batman Beyond (Terry McGinnis),Kaiyodo,Revoltech Amazing Yamaguchi,Batman Beyond Batman Series DC Comics,Katsuhisa Yamaguchi,,"PVC, ABS, POM",AmiAmi,1 Year,true,[],Reddit report: https://reddit.com/r/AmazingYamaguchi/comments/1pwp96h/need_help/
data,Deadpool,Kaiyodo,Revoltech Amazing Yamaguchi,Marvel Comics,Katsuhisa Yamaguchi,,"Main Part: PVC, ABS / Joint: POM",AmiAmi,4 Years,true,[],Reddit report: https://reddit.com/r/AmazingYamaguchi/comments/1pwnbmg/does_anyone_have_this/
data,Arkham Knight,Kaiyodo,Revoltech Amazing Yamaguchi,Batman: Arkham Knight Batman Arkham Series DC Comics,Katsuhisa Yamaguchi / Yu Shiying,,"PVC, ABS, POM",AmiAmi,1 Year,true,[],Reddit report: https://reddit.com/r/AmazingYamaguchi/comments/1ptndm3/how_would_you_fix_this_arkham_knight_15_leg/
data,Genos(Demon Cyborg),Kaiyodo,Revoltech Amazing Yamaguchi,One-Punch Man,Katsuhisa Yamaguchi,,"PVC, ABS, POM, Cloth",AmiAmi,1 Year,true,"[""loose_joints""]",Reddit report: https://reddit.com/r/AmazingYamaguchi/comments/1pt1c6h/how_do_i_fix_this_loose_joint/
data,Captain America (Steve Rogers),Kaiyodo,Revoltech Amazing Yamaguchi,Captain America Marvel Comics,Katsuhisa Yamaguchi,,"Main Part: PVC, ABS / Joints: Nylon, POM",AmiAmi,8 Years,true,[],Reddit report: https://reddit.com/r/AmazingYamaguchi/comments/1pc144g/is_this_cap_legit/
data,Juri,Kaiyodo,Revoltech Amazing Yamaguchi,Street Fighter 6 Street Fighter Series,Shotaro Sakamoto,,"PVC, ABS, POM",AmiAmi,1 Year,true,[],Reddit report: https://reddit.com/r/AmazingYamaguchi/comments/1p8ajk1/shes_fixed/
data,Venom (Anti-Venom/Eddie Brock),Kaiyodo,Revoltech Amazing Yamaguchi,Marvel Comics,Katsuhisa Yamaguchi,,"Main Part: PVC, ABS / Joints: Nylon, POM",AmiAmi,9 Years,true,[],Reddit report: https://reddit.com/r/AmazingYamaguchi/comments/1p5et5l/does_anyone_know_how_to_take_out_this_amazing/
data,Ayane,Kaiyodo,Revoltech Amazing Yamaguchi,NINJA GAIDEN,Yu Shiying,,"PVC, ABS, POM",AmiAmi,1 Year,true,[],Reddit report: https://reddit.com/r/AmazingYamaguchi/comments/1oz0cp1/ayane_is_here_but/
data,Carnage,Kaiyodo,Revoltech Amazing Yamaguchi,Spider-ManSpider-Man Series Marvel Comics,Katsuhisa Yamaguchi,,"Main Part: PVC, ABS / Joints: Nylon, POM",AmiAmi,8 Years,true,[],Reddit report: https://reddit.com/r/AmazingYamaguchi/comments/1ooloqd/my_ay_carnage_neck_piece_broke_and_i_need_help/
data,Arkham Knight,Kaiyodo,Revoltech Amazing Yamaguchi,Batman: Arkham Knight Batman Arkham Series DC Comics,Katsuhisa Yamaguchi / Yu Shiying,,"PVC, ABS, POM",AmiAmi,1 Year,true,[],Reddit report: https://reddit.com/r/AmazingYamaguchi/comments/1oce4ua/how_do_i_fix_this/
data,Chun Li,Kaiyodo,Revoltech,Street Fighter Series,Yu Shiying,,"PVC, ABS, POM",AmiAmi,1 Year,true,[],Reddit report: https://reddit.com/r/AmazingYamaguchi/comments/1nxa8zr/ay_revoltech_chun_li_qc_issues_broken_out_of_the/
data,Chun Li,Kaiyodo,Revoltech,Street Fighter Series,Yu Shiying,,"PVC, ABS, POM",AmiAmi,1 Year,true,[],Reddit report: https://reddit.com/r/AmazingYamaguchi/comments/1npnsom/missing/
data,Spider-Man(Peter Parker),Kaiyodo,Revoltech Amazing Yamaguchi,Spider-Man Series  Marvel Comics,Katsuhisa Yamaguchi,,"PVC, ABS, POM, Magnet",AmiAmi,New,true,[],Reddit report: https://reddit.com/r/AmazingYamaguchi/comments/1nm9yck/ay_spiderman_leg_popped_off_wont_go_back_on/
data,Agent Venom,Kaiyodo,Revoltech Amazing Yamaguchi,Spider-Man Series  Marvel Comics,Katsuhisa Yamaguchi,,"PVC, ABS, POM",AmiAmi,1 Year,true,[],Reddit report: https://reddit.com/r/AmazingYamaguchi/comments/1nl2kez/revoltech_agent_venom/
data,Female Titan,Kaiyodo,Revoltech Amazing Yamaguchi,Attack on Titan (Shingeki no Kyojin) Attack on Titan Series,Shotaro Sakamoto,,"PVC, ABS, POM",AmiAmi,New,true,[],Reddit report: https://reddit.com/r/AmazingYamaguchi/comments/1nk8esv/ay_revoltech_female_titan_qc_issue_double_right/
data,Agent Venom,Kaiyodo,Revoltech Amazing Yamaguchi,Spider-Man Series  Marvel Comics,Katsuhisa Yamaguchi,,"PVC, ABS, POM",AmiAmi,1 Year,true,[],Reddit report: https://reddit.com/r/AmazingYamaguchi/comments/1ngzfhq/how_to_fix_agent_venom/
data,Batman Beyond (Terry McGinnis),Kaiyodo,Revoltech Amazing Yamaguchi,Batman Beyond Batman Series DC Comics,Katsuhisa Yamaguchi,,"PVC, ABS, POM",AmiAmi,1 Year,true,[],Reddit report: https://reddit.com/r/AmazingYamaguchi/comments/1ngggga/why_did_they_seal_it_with_a_kaiyodo_sticker/
data,Black Panther(T'Challa),Kaiyodo,Revoltech Amazing Yamaguchi,Marvel Comics,Katsuhisa Yamaguchi,,"Main Part: PVC, ABS / Joint: POM",AmiAmi,4 Years,true,"[""loose_joints""]",Reddit report: https://reddit.com/r/AmazingYamaguchi/comments/1nd33xz/black_panther_knee_help/
data,Agent Venom,Kaiyodo,Revoltech Amazing Yamaguchi,Spider-Man Series  Marvel Comics,Katsuhisa Yamaguchi,,"PVC, ABS, POM",AmiAmi,1 Year,true,[],Reddit report: https://reddit.com/r/AmazingYamaguchi/comments/1nayxmh/how_do_i_fix_agent_venoms_loose_hand/
data,Izuku Midoriya(Deku),Kaiyodo,Revoltech Amazing Yamaguchi,My Hero Academia (Boku no Hero Academia),Katsuhisa Yamaguchi,,"PVC, ABS, POM",AmiAmi,2 Years,true,[],Reddit report: https://reddit.com/r/AmazingYamaguchi/comments/1n81h37/revoltech_deku_help/
data,Saitama (Caped Baldy),Kaiyodo,Revoltech Amazing Yamaguchi,One-Punch Man,Katsuhisa Yamaguchi,,"PVC, ABS, POM, Cloth",AmiAmi,1 Year,true,[],Reddit report: https://reddit.com/r/AmazingYamaguchi/comments/1n5nwft/wider_gaps_neck_thats_a_little_loose_and_a_very/
data,Batman Beyond (Terry McGinnis),Kaiyodo,Revoltech Amazing Yamaguchi,Batman Beyond Batman Series DC Comics,Katsuhisa Yamaguchi,,"PVC, ABS, POM",AmiAmi,1 Year,true,[],Reddit report: https://reddit.com/r/AmazingYamaguchi/comments/1n3k8oj/batman_beyond_qc_issue_help/
data,Enji Todoroki(Endeavor),Takara Tomy X Kaiyodo,Revoltech Amazing Yamaguchi,My Hero Academia (Boku no Hero Academia),Yamaguchi Katsuhisa,,"Main Part: PVC, ABS / Joint: ABS, POM",AmiAmi,3 Years,true,[],Reddit report: https://reddit.com/r/AmazingYamaguchi/comments/1n2tnbf/arm_socket_popping_off/
data,Carnage,Kaiyodo,Revoltech Amazing Yamaguchi,Spider-ManSpider-Man Series Marvel Comics,Katsuhisa Yamaguchi,,"Main Part: PVC, ABS / Joints: Nylon, POM",AmiAmi,8 Years,true,[],Reddit report: https://reddit.com/r/AmazingYamaguchi/comments/1n13a1q/broken_hip_joint_carnage/
data,All Might,Kaiyodo,Revoltech Amazing Yamaguchi,My Hero Academia (Boku no Hero Academia),Katsuhisa Yamaguchi,,"Main Figure: PVC, ABS / Joint: ABS, POM",AmiAmi,6 Years,true,[],Reddit report: https://reddit.com/r/AmazingYamaguchi/comments/1n0yipg/all_might_knee_problem/
data,War Machine (James Rupert Rhodes/Iron Patriot),Kaiyodo,Revoltech Amazing Yamaguchi,Marvel Comics,Katsuhisa Yamaguchi,,"Main Part: PVC, ABS / Joint: Nylon, POM",AmiAmi,6 Years,true,[],Reddit report: https://reddit.com/r/AmazingYamaguchi/comments/1mlppue/war_machine/
data,Hawks(Keigo Takami),Takara Tomy X Kaiyodo,Revoltech Amazing Yamaguchi,My Hero Academia (Boku no Hero Academia),Katsuhisa Yamaguchi,,"Main Part: PVC, ABS / Joint: POM",AmiAmi,3 Years,true,[],Reddit report: https://reddit.com/r/AmazingYamaguchi/comments/1mf9zld/help_needed/
data,Agent Venom,Kaiyodo,Revoltech Amazing Yamaguchi,Spider-Man Series  Marvel Comics,Katsuhisa Yamaguchi,,"PVC, ABS, POM",AmiAmi,1 Year,true,[],Reddit report: https://reddit.com/r/AmazingYamaguchi/comments/1mdelix/does_anyone_know_how_to_help/
data,Deadpool,Kaiyodo,Revoltech Amazing Yamaguchi,Marvel Comics,Katsuhisa Yamaguchi,,"Main Part: PVC, ABS / Joint: POM",AmiAmi,4 Years,true,[],Reddit report: https://reddit.com/r/AmazingYamaguchi/comments/1md1gy7/deadpool_25_quality_issues/
data,Spider-Man(Peter Parker),Kaiyodo,Revoltech Amazing Yamaguchi,Spider-Man Series  Marvel Comics,Katsuhisa Yamaguchi,,"PVC, ABS, POM, Magnet",AmiAmi,New,true,[],Reddit report: https://reddit.com/r/AmazingYamaguchi/comments/1mclw6y/spiderman_thigh_joints/
data,Agent Venom,Kaiyodo,Revoltech Amazing Yamaguchi,Spider-Man Series  Marvel Comics,Katsuhisa Yamaguchi,,"PVC, ABS, POM",AmiAmi,1 Year,true,[],Reddit report: https://reddit.com/r/AmazingYamaguchi/comments/1m7rt7n/collecting_for_67_years_and_bought_reissue_of/
data,Saitama (Caped Baldy),Kaiyodo,Revoltech Amazing Yamaguchi,One-Punch Man,Katsuhisa Yamaguchi,,"PVC, ABS, POM, Cloth",AmiAmi,1 Year,true,[],Reddit report: https://reddit.com/r/AmazingYamaguchi/comments/1lwus95/one_punch_cape_help/
data,Flash(Barry Allen),Kaiyodo,Revoltech Amazing Yamaguchi,The Flash DC Comics,Katsuhisa Yamaguchi,,"PVC, ABS, POM",AmiAmi,1 Year,true,[],Reddit report: https://reddit.com/r/AmazingYamaguchi/comments/1l1rkde/flashs_leg_keeps_popping_off/
data,Batman(Bruce Wayne),Kaiyodo,Revoltech Amazing Yamaguchi,DC Comics,Katsuhisa Yamaguchi,,"Main Part: PVC, ABS / Joints: Nylon, POM",AmiAmi,8 Years,true,[],Reddit report: https://reddit.com/r/AmazingYamaguchi/comments/1kvw71t/arkham_batman_this_part_was_completly_broke/
data,Deadpool,Kaiyodo,Revoltech Amazing Yamaguchi,Marvel Comics,Katsuhisa Yamaguchi,,"Main Part: PVC, ABS / Joint: POM",AmiAmi,4 Years,true,[],Reddit report: https://reddit.com/r/AmazingYamaguchi/comments/1kt9bzl/got_my_25_deadpool_but/
data,Flash(Barry Allen),Kaiyodo,Revoltech Amazing Yamaguchi,The Flash DC Comics,Katsuhisa Yamaguchi,,"PVC, ABS, POM",AmiAmi,1 Year,true,[],Reddit report: https://reddit.com/r/AmazingYamaguchi/comments/1kbw2xx/any_one_know_of_good_replacement_pegs/
data,Arkham Knight,Kaiyodo,Revoltech Amazing Yamaguchi,Batman: Arkham Knight Batman Arkham Series DC Comics,Katsuhisa Yamaguchi / Yu Shiying,,"PVC, ABS, POM",AmiAmi,1 Year,true,[],Reddit report: https://reddit.com/r/AmazingYamaguchi/comments/1k99jvv/arkham_knight_right_knee_peg_help_has_anyone_had/
data,Deadpool,Kaiyodo,Revoltech Amazing Yamaguchi,Marvel Comics,Katsuhisa Yamaguchi,,"Main Part: PVC, ABS / Joint: POM",AmiAmi,4 Years,true,"[""loose_joints""]",Reddit report: https://reddit.com/r/AmazingYamaguchi/comments/1k7dyri/yamaguchi_deadpool_25_loose_leg_fix_video_i_made/
data,Deadpool,Kaiyodo,Revoltech Amazing Yamaguchi,Marvel Comics,Katsuhisa Yamaguchi,,"Main Part: PVC, ABS / Joint: POM",AmiAmi,4 Years,true,[],Reddit report: https://reddit.com/r/AmazingYamaguchi/comments/1k46joe/help/
data,Spider-Man (Peter Parker) Original Ver.,Kaiyodo,Revoltech Amazing Yamaguchi,Marvel Comics,Katsuhisa Yamaguchi,,"Main Part: PVC, ABS / Joint: ABS, POM",AmiAmi,4 Years,true,[],Reddit report: https://reddit.com/r/AmazingYamaguchi/comments/1jsd8ym/figure_is_great_but_the_headface_segment_is_god/
data,Ryu Hayabusa,Kaiyodo,Revoltech Amazing Yamaguchi,NINJA GAIDEN Ninja Gaiden,,,"PVC, ABS, POK, POM",AmiAmi,New,true,[],Reddit report: https://reddit.com/r/AmazingYamaguchi/comments/1jsbk06/qc_issue_or_normal/
data,Ryu Hayabusa,Kaiyodo,Revoltech Amazing Yamaguchi,NINJA GAIDEN Ninja Gaiden,,,"PVC, ABS, POK, POM",AmiAmi,New,true,[],Reddit report: https://reddit.com/r/AmazingYamaguchi/comments/1joqzkt/ryu_hayabusa_from_aliexpress/
data,Ayane,Kaiyodo,Revoltech Amazing Yamaguchi,NINJA GAIDEN,Yu Shiying,,"PVC, ABS, POM",AmiAmi,1 Year,true,[],Reddit report: https://reddit.com/r/AmazingYamaguchi/comments/1s75otn/ng3_ayane/
data,Spider-Man(Peter Parker),Kaiyodo,Revoltech Amazing Yamaguchi,Spider-Man Series  Marvel Comics,Katsuhisa Yamaguchi,,"PVC, ABS, POM, Magnet",AmiAmi,New,true,[],Reddit report: https://reddit.com/r/AmazingYamaguchi/comments/1s5f0cy/anyone_have_a_spare_spidey_20_left_arm/
data,Agent Venom,Kaiyodo,Revoltech Amazing Yamaguchi,Spider-Man Series  Marvel Comics,Katsuhisa Yamaguchi,,"PVC, ABS, POM",AmiAmi,1 Year,true,[],Reddit report: https://reddit.com/r/AmazingYamaguchi/comments/1s2rlcb/agent_venoms_chest_splitting_apart/
data,Ayane,Kaiyodo,Revoltech Amazing Yamaguchi,NINJA GAIDEN,Yu Shiying,,"PVC, ABS, POM",AmiAmi,1 Year,true,[],Reddit report: https://reddit.com/r/AmazingYamaguchi/comments/1s1wb8n/ng3_ayane_qc_question/
data,All Might,Kaiyodo,Revoltech Amazing Yamaguchi,My Hero Academia (Boku no Hero Academia),Katsuhisa Yamaguchi,,"Main Figure: PVC, ABS / Joint: ABS, POM",AmiAmi,6 Years,true,[],Reddit report: https://reddit.com/r/AmazingYamaguchi/comments/1rz7hm6/anyone_know_how_i_can_fix_the_hip_ball_joint_on/
data,Batman Beyond (Terry McGinnis),Kaiyodo,Revoltech Amazing Yamaguchi,Batman Beyond Batman Series DC Comics,Katsuhisa Yamaguchi,,"PVC, ABS, POM",AmiAmi,1 Year,true,[],Reddit report: https://reddit.com/r/AmazingYamaguchi/comments/1ruzu4u/broken_batman_beyond/
data,Izuku Midoriya(Deku),Kaiyodo,Revoltech Amazing Yamaguchi,My Hero Academia (Boku no Hero Academia),Katsuhisa Yamaguchi,,"PVC, ABS, POM",AmiAmi,2 Years,true,"[""warped_parts""]",Reddit report: https://reddit.com/r/AmazingYamaguchi/comments/1ro1oqe/new_deku_revoltech_qc_problem/
data,Katsuki Bakugo (Great Explosion Murder God Dynamight),Takara Tomy X Kaiyodo,Revoltech Amazing Yamaguchi,My Hero Academia (Boku no Hero Academia),Katsuhisa Yamaguchi,,"Main Part: PVC, ABS / Joint: ABS, POM",AmiAmi,5 Years,true,[],Reddit report: https://reddit.com/r/AmazingYamaguchi/comments/1rg90c1/hey_guys_i_got_this_revoltech_bakugo_on_ebay_and/
data,Batman Beyond (Terry McGinnis),Kaiyodo,Revoltech Amazing Yamaguchi,Batman Beyond Batman Series DC Comics,Katsuhisa Yamaguchi,,"PVC, ABS, POM",AmiAmi,1 Year,true,[],Reddit report: https://reddit.com/r/AmazingYamaguchi/comments/1r5av8j/im_tired_of_gambling_on_100_dollar_figures/
data,Psylocke,Kaiyodo,Revoltech Amazing Yamaguchi,X-MEN X-MEN Series Marvel Comics,Katsuhisa Yamaguchi,,"Main Part: PVC, ABS Joint: Nylon, POM",AmiAmi,8 Years,true,[],Reddit report: https://reddit.com/r/AmazingYamaguchi/comments/1qsnh6k/hey_guys_i_need_help_i_recently_broke_this_piece/
data,Batman Beyond (Terry McGinnis),Kaiyodo,Revoltech Amazing Yamaguchi,Batman Beyond Batman Series DC Comics,Katsuhisa Yamaguchi,,"PVC, ABS, POM",AmiAmi,1 Year,true,[],Reddit report: https://reddit.com/r/AmazingYamaguchi/comments/1qscmyh/batman_beyond_qc/
data,Moon Knight,Kaiyodo,Revoltech Amazing Yamaguchi,Marvel Comics,Yamaguchi Katsuhisa,,PVC & ABS,AmiAmi,3 Years,true,[],Reddit report: https://reddit.com/r/AmazingYamaguchi/comments/1qq4s0f/hows_his_joint_after_few_years_monster_hunter/
data,Psylocke,Kaiyodo,Revoltech Amazing Yamaguchi,X-MEN X-MEN Series Marvel Comics,Katsuhisa Yamaguchi,,"Main Part: PVC, ABS Joint: Nylon, POM",AmiAmi,8 Years,true,[],Reddit report: https://reddit.com/r/AmazingYamaguchi/comments/1qp227d/i_need_help_with_my_psylocke_so_far_this_figure/
data,Psylocke,Kaiyodo,Revoltech Amazing Yamaguchi,X-MEN X-MEN Series Marvel Comics,Katsuhisa Yamaguchi,,"Main Part: PVC, ABS Joint: Nylon, POM",AmiAmi,8 Years,true,[],Reddit report: https://reddit.com/r/AmazingYamaguchi/comments/1qoyomj/i_need_help_with_a_joint_on_my_psylocke_on_the/
data,Batman Beyond (Terry McGinnis),Kaiyodo,Revoltech Amazing Yamaguchi,Batman Beyond Batman Series DC Comics,Katsuhisa Yamaguchi,,"PVC, ABS, POM",AmiAmi,1 Year,true,[],Reddit report: https://reddit.com/r/AmazingYamaguchi/comments/1qoejgn/revoltechs_yellow/
data,All Might,Kaiyodo,Revoltech Amazing Yamaguchi,My Hero Academia (Boku no Hero Academia),Katsuhisa Yamaguchi,,"Main Figure: PVC, ABS / Joint: ABS, POM",AmiAmi,6 Years,true,"[""missing_parts""]",Reddit report: https://reddit.com/r/AmazingYamaguchi/comments/1qnsn44/is_anybody_willing_to_sell_me_a_broken_amazing/
data,Juri,Kaiyodo,Revoltech Amazing Yamaguchi,Street Fighter 6 Street Fighter Series,Shotaro Sakamoto,,"PVC, ABS, POM",AmiAmi,1 Year,true,"[""broken_parts""]",Reddit report: https://reddit.com/r/AmazingYamaguchi/comments/1qh7xpa/help_removing_broken_peg_from_hand/
data,Batman Beyond (Terry McGinnis),Kaiyodo,Revoltech Amazing Yamaguchi,Batman Beyond Batman Series DC Comics,Katsuhisa Yamaguchi,,"PVC, ABS, POM",AmiAmi,1 Year,true,[],Reddit report: https://reddit.com/r/AmazingYamaguchi/comments/1qfxume/is_this_a_common_problem_with_batman_beyond/
data,Juri,Kaiyodo,Revoltech Amazing Yamaguchi,Street Fighter 6 Street Fighter Series,Shotaro Sakamoto,,"PVC, ABS, POM",AmiAmi,1 Year,true,[],Reddit report: https://reddit.com/r/AmazingYamaguchi/comments/1qa221k/first_revoltech_and/
data,Spider-Man(Peter Parker),Kaiyodo,Revoltech Amazing Yamaguchi,Spider-Man Series  Marvel Comics,Katsuhisa Yamaguchi,,"PVC, ABS, POM, Magnet",AmiAmi,New,true,[],Reddit report: https://reddit.com/r/AmazingYamaguchi/comments/1q8q29b/spiderman_20_qc/
data,Chun Li,Kaiyodo,Revoltech,Street Fighter Series,Yu Shiying,,"PVC, ABS, POM",AmiAmi,1 Year,true,[],Reddit report: https://reddit.com/r/AmazingYamaguchi/comments/1q7zoyf/question_help/
data,Izuku Midoriya(Deku),Kaiyodo,Revoltech Amazing Yamaguchi,My Hero Academia (Boku no Hero Academia),Katsuhisa Yamaguchi,,"PVC, ABS, POM",AmiAmi,2 Years,true,[],Reddit report: https://reddit.com/r/AmazingYamaguchi/comments/1q3mc99/help_me_with_my_revoltech_deku_issues_please/
data,Juri,Kaiyodo,Revoltech Amazing Yamaguchi,Street Fighter 6 Street Fighter Series,Shotaro Sakamoto,,"PVC, ABS, POM",AmiAmi,1 Year,true,[],Reddit report: https://reddit.com/r/AmazingYamaguchi/comments/1q2kdun/got_juri_han_but/
data,Batman Beyond (Terry McGinnis),Kaiyodo,Revoltech Amazing Yamaguchi,Batman Beyond Batman Series DC Comics,Katsuhisa Yamaguchi,,"PVC, ABS, POM",AmiAmi,1 Year,true,"[""stiff_joints""]",Reddit report: https://reddit.com/r/AmazingYamaguchi/comments/1q0r616/i_need_help_with_tight_joints/
data,Batman Beyond (Terry McGinnis),Kaiyodo,Revoltech Amazing Yamaguchi,Batman Beyond Batman Series DC Comics,Katsuhisa Yamaguchi,,"PVC, ABS, POM",AmiAmi,1 Year,true,[],Reddit report: https://reddit.com/r/AmazingYamaguchi/comments/1pwp96h/need_help/
data,Deadpool,Kaiyodo,Revoltech Amazing Yamaguchi,Marvel Comics,Katsuhisa Yamaguchi,,"Main Part: PVC, ABS / Joint: POM",AmiAmi,4 Years,true,[],Reddit report: https://reddit.com/r/AmazingYamaguchi/comments/1pwnbmg/does_anyone_have_this/
data,Arkham Knight,Kaiyodo,Revoltech Amazing Yamaguchi,Batman: Arkham Knight Batman Arkham Series DC Comics,Katsuhisa Yamaguchi / Yu Shiying,,"PVC, ABS, POM",AmiAmi,1 Year,true,[],Reddit report: https://reddit.com/r/AmazingYamaguchi/comments/1ptndm3/how_would_you_fix_this_arkham_knight_15_leg/
data,Genos(Demon Cyborg),Kaiyodo,Revoltech Amazing Yamaguchi,One-Punch Man,Katsuhisa Yamaguchi,,"PVC, ABS, POM, Cloth",AmiAmi,1 Year,true,"[""loose_joints""]",Reddit report: https://reddit.com/r/AmazingYamaguchi/comments/1pt1c6h/how_do_i_fix_this_loose_joint/
data,Captain America (Steve Rogers),Kaiyodo,Revoltech Amazing Yamaguchi,Captain America Marvel Comics,Katsuhisa Yamaguchi,,"Main Part: PVC, ABS / Joints: Nylon, POM",AmiAmi,8 Years,true,[],Reddit report: https://reddit.com/r/AmazingYamaguchi/comments/1pc144g/is_this_cap_legit/
data,Juri,Kaiyodo,Revoltech Amazing Yamaguchi,Street Fighter 6 Street Fighter Series,Shotaro Sakamoto,,"PVC, ABS, POM",AmiAmi,1 Year,true,[],Reddit report: https://reddit.com/r/AmazingYamaguchi/comments/1p8ajk1/shes_fixed/
data,Ayane,Kaiyodo,Revoltech Amazing Yamaguchi,NINJA GAIDEN,Yu Shiying,,"PVC, ABS, POM",AmiAmi,1 Year,true,[],Reddit report: https://reddit.com/r/AmazingYamaguchi/comments/1oz0cp1/ayane_is_here_but/
data,Carnage,Kaiyodo,Revoltech Amazing Yamaguchi,Spider-ManSpider-Man Series Marvel Comics,Katsuhisa Yamaguchi,,"Main Part: PVC, ABS / Joints: Nylon, POM",AmiAmi,8 Years,true,[],Reddit report: https://reddit.com/r/AmazingYamaguchi/comments/1ooloqd/my_ay_carnage_neck_piece_broke_and_i_need_help/
data,Arkham Knight,Kaiyodo,Revoltech Amazing Yamaguchi,Batman: Arkham Knight Batman Arkham Series DC Comics,Katsuhisa Yamaguchi / Yu Shiying,,"PVC, ABS, POM",AmiAmi,1 Year,true,[],Reddit report: https://reddit.com/r/AmazingYamaguchi/comments/1oce4ua/how_do_i_fix_this/
data,Chun Li,Kaiyodo,Revoltech,Street Fighter Series,Yu Shiying,,"PVC, ABS, POM",AmiAmi,1 Year,true,[],Reddit report: https://reddit.com/r/AmazingYamaguchi/comments/1nxa8zr/ay_revoltech_chun_li_qc_issues_broken_out_of_the/
data,Chun Li,Kaiyodo,Revoltech,Street Fighter Series,Yu Shiying,,"PVC, ABS, POM",AmiAmi,1 Year,true,[],Reddit report: https://reddit.com/r/AmazingYamaguchi/comments/1npnsom/missing/
data,Spider-Man(Peter Parker),Kaiyodo,Revoltech Amazing Yamaguchi,Spider-Man Series  Marvel Comics,Katsuhisa Yamaguchi,,"PVC, ABS, POM, Magnet",AmiAmi,New,true,[],Reddit report: https://reddit.com/r/AmazingYamaguchi/comments/1nm9yck/ay_spiderman_leg_popped_off_wont_go_back_on/
data,Agent Venom,Kaiyodo,Revoltech Amazing Yamaguchi,Spider-Man Series  Marvel Comics,Katsuhisa Yamaguchi,,"PVC, ABS, POM",AmiAmi,1 Year,true,[],Reddit report: https://reddit.com/r/AmazingYamaguchi/comments/1nl2kez/revoltech_agent_venom/
data,Female Titan,Kaiyodo,Revoltech Amazing Yamaguchi,Attack on Titan (Shingeki no Kyojin) Attack on Titan Series,Shotaro Sakamoto,,"PVC, ABS, POM",AmiAmi,New,true,[],Reddit report: https://reddit.com/r/AmazingYamaguchi/comments/1nk8esv/ay_revoltech_female_titan_qc_issue_double_right/
data,Agent Venom,Kaiyodo,Revoltech Amazing Yamaguchi,Spider-Man Series  Marvel Comics,Katsuhisa Yamaguchi,,"PVC, ABS, POM",AmiAmi,1 Year,true,[],Reddit report: https://reddit.com/r/AmazingYamaguchi/comments/1ngzfhq/how_to_fix_agent_venom/
data,Batman Beyond (Terry McGinnis),Kaiyodo,Revoltech Amazing Yamaguchi,Batman Beyond Batman Series DC Comics,Katsuhisa Yamaguchi,,"PVC, ABS, POM",AmiAmi,1 Year,true,[],Reddit report: https://reddit.com/r/AmazingYamaguchi/comments/1ngggga/why_did_they_seal_it_with_a_kaiyodo_sticker/
data,Black Panther(T'Challa),Kaiyodo,Revoltech Amazing Yamaguchi,Marvel Comics,Katsuhisa Yamaguchi,,"Main Part: PVC, ABS / Joint: POM",AmiAmi,4 Years,true,"[""loose_joints""]",Reddit report: https://reddit.com/r/AmazingYamaguchi/comments/1nd33xz/black_panther_knee_help/
data,Agent Venom,Kaiyodo,Revoltech Amazing Yamaguchi,Spider-Man Series  Marvel Comics,Katsuhisa Yamaguchi,,"PVC, ABS, POM",AmiAmi,1 Year,true,[],Reddit report: https://reddit.com/r/AmazingYamaguchi/comments/1nayxmh/how_do_i_fix_agent_venoms_loose_hand/
data,Izuku Midoriya(Deku),Kaiyodo,Revoltech Amazing Yamaguchi,My Hero Academia (Boku no Hero Academia),Katsuhisa Yamaguchi,,"PVC, ABS, POM",AmiAmi,2 Years,true,[],Reddit report: https://reddit.com/r/AmazingYamaguchi/comments/1n81h37/revoltech_deku_help/
data,Saitama (Caped Baldy),Kaiyodo,Revoltech Amazing Yamaguchi,One-Punch Man,Katsuhisa Yamaguchi,,"PVC, ABS, POM, Cloth",AmiAmi,1 Year,true,[],Reddit report: https://reddit.com/r/AmazingYamaguchi/comments/1n5nwft/wider_gaps_neck_thats_a_little_loose_and_a_very/
data,Batman Beyond (Terry McGinnis),Kaiyodo,Revoltech Amazing Yamaguchi,Batman Beyond Batman Series DC Comics,Katsuhisa Yamaguchi,,"PVC, ABS, POM",AmiAmi,1 Year,true,[],Reddit report: https://reddit.com/r/AmazingYamaguchi/comments/1n3k8oj/batman_beyond_qc_issue_help/
data,Enji Todoroki(Endeavor),Takara Tomy X Kaiyodo,Revoltech Amazing Yamaguchi,My Hero Academia (Boku no Hero Academia),Yamaguchi Katsuhisa,,"Main Part: PVC, ABS / Joint: ABS, POM",AmiAmi,3 Years,true,[],Reddit report: https://reddit.com/r/AmazingYamaguchi/comments/1n2tnbf/arm_socket_popping_off/
data,Carnage,Kaiyodo,Revoltech Amazing Yamaguchi,Spider-ManSpider-Man Series Marvel Comics,Katsuhisa Yamaguchi,,"Main Part: PVC, ABS / Joints: Nylon, POM",AmiAmi,8 Years,true,[],Reddit report: https://reddit.com/r/AmazingYamaguchi/comments/1n13a1q/broken_hip_joint_carnage/
data,All Might,Kaiyodo,Revoltech Amazing Yamaguchi,My Hero Academia (Boku no Hero Academia),Katsuhisa Yamaguchi,,"Main Figure: PVC, ABS / Joint: ABS, POM",AmiAmi,6 Years,true,[],Reddit report: https://reddit.com/r/AmazingYamaguchi/comments/1n0yipg/all_might_knee_problem/
data,War Machine (James Rupert Rhodes/Iron Patriot),Kaiyodo,Revoltech Amazing Yamaguchi,Marvel Comics,Katsuhisa Yamaguchi,,"Main Part: PVC, ABS / Joint: Nylon, POM",AmiAmi,6 Years,true,[],Reddit report: https://reddit.com/r/AmazingYamaguchi/comments/1mlppue/war_machine/
data,Hawks(Keigo Takami),Takara Tomy X Kaiyodo,Revoltech Amazing Yamaguchi,My Hero Academia (Boku no Hero Academia),Katsuhisa Yamaguchi,,"Main Part: PVC, ABS / Joint: POM",AmiAmi,3 Years,true,[],Reddit report: https://reddit.com/r/AmazingYamaguchi/comments/1mf9zld/help_needed/
data,Agent Venom,Kaiyodo,Revoltech Amazing Yamaguchi,Spider-Man Series  Marvel Comics,Katsuhisa Yamaguchi,,"PVC, ABS, POM",AmiAmi,1 Year,true,[],Reddit report: https://reddit.com/r/AmazingYamaguchi/comments/1mdelix/does_anyone_know_how_to_help/
data,Deadpool,Kaiyodo,Revoltech Amazing Yamaguchi,Marvel Comics,Katsuhisa Yamaguchi,,"Main Part: PVC, ABS / Joint: POM",AmiAmi,4 Years,true,[],Reddit report: https://reddit.com/r/AmazingYamaguchi/comments/1md1gy7/deadpool_25_quality_issues/
data,Spider-Man(Peter Parker),Kaiyodo,Revoltech Amazing Yamaguchi,Spider-Man Series  Marvel Comics,Katsuhisa Yamaguchi,,"PVC, ABS, POM, Magnet",AmiAmi,New,true,[],Reddit report: https://reddit.com/r/AmazingYamaguchi/comments/1mclw6y/spiderman_thigh_joints/
data,Agent Venom,Kaiyodo,Revoltech Amazing Yamaguchi,Spider-Man Series  Marvel Comics,Katsuhisa Yamaguchi,,"PVC, ABS, POM",AmiAmi,1 Year,true,[],Reddit report: https://reddit.com/r/AmazingYamaguchi/comments/1m7rt7n/collecting_for_67_years_and_bought_reissue_of/
data,Saitama (Caped Baldy),Kaiyodo,Revoltech Amazing Yamaguchi,One-Punch Man,Katsuhisa Yamaguchi,,"PVC, ABS, POM, Cloth",AmiAmi,1 Year,true,[],Reddit report: https://reddit.com/r/AmazingYamaguchi/comments/1lwus95/one_punch_cape_help/
data,Flash(Barry Allen),Kaiyodo,Revoltech Amazing Yamaguchi,The Flash DC Comics,Katsuhisa Yamaguchi,,"PVC, ABS, POM",AmiAmi,1 Year,true,[],Reddit report: https://reddit.com/r/AmazingYamaguchi/comments/1l1rkde/flashs_leg_keeps_popping_off/
data,Batman(Bruce Wayne),Kaiyodo,Revoltech Amazing Yamaguchi,DC Comics,Katsuhisa Yamaguchi,,"Main Part: PVC, ABS / Joints: Nylon, POM",AmiAmi,8 Years,true,[],Reddit report: https://reddit.com/r/AmazingYamaguchi/comments/1kvw71t/arkham_batman_this_part_was_completly_broke/
data,Deadpool,Kaiyodo,Revoltech Amazing Yamaguchi,Marvel Comics,Katsuhisa Yamaguchi,,"Main Part: PVC, ABS / Joint: POM",AmiAmi,4 Years,true,[],Reddit report: https://reddit.com/r/AmazingYamaguchi/comments/1kt9bzl/got_my_25_deadpool_but/
data,Flash(Barry Allen),Kaiyodo,Revoltech Amazing Yamaguchi,The Flash DC Comics,Katsuhisa Yamaguchi,,"PVC, ABS, POM",AmiAmi,1 Year,true,[],Reddit report: https://reddit.com/r/AmazingYamaguchi/comments/1kbw2xx/any_one_know_of_good_replacement_pegs/
data,Arkham Knight,Kaiyodo,Revoltech Amazing Yamaguchi,Batman: Arkham Knight Batman Arkham Series DC Comics,Katsuhisa Yamaguchi / Yu Shiying,,"PVC, ABS, POM",AmiAmi,1 Year,true,[],Reddit report: https://reddit.com/r/AmazingYamaguchi/comments/1k99jvv/arkham_knight_right_knee_peg_help_has_anyone_had/
data,Deadpool,Kaiyodo,Revoltech Amazing Yamaguchi,Marvel Comics,Katsuhisa Yamaguchi,,"Main Part: PVC, ABS / Joint: POM",AmiAmi,4 Years,true,"[""loose_joints""]",Reddit report: https://reddit.com/r/AmazingYamaguchi/comments/1k7dyri/yamaguchi_deadpool_25_loose_leg_fix_video_i_made/
data,Deadpool,Kaiyodo,Revoltech Amazing Yamaguchi,Marvel Comics,Katsuhisa Yamaguchi,,"Main Part: PVC, ABS / Joint: POM",AmiAmi,4 Years,true,[],Reddit report: https://reddit.com/r/AmazingYamaguchi/comments/1k46joe/help/
data,Spider-Man (Peter Parker) Original Ver.,Kaiyodo,Revoltech Amazing Yamaguchi,Marvel Comics,Katsuhisa Yamaguchi,,"Main Part: PVC, ABS / Joint: ABS, POM",AmiAmi,4 Years,true,[],Reddit report: https://reddit.com/r/AmazingYamaguchi/comments/1jsd8ym/figure_is_great_but_the_headface_segment_is_god/
data,Ryu Hayabusa,Kaiyodo,Revoltech Amazing Yamaguchi,NINJA GAIDEN Ninja Gaiden,,,"PVC, ABS, POK, POM",AmiAmi,New,true,[],Reddit report: https://reddit.com/r/AmazingYamaguchi/comments/1jsbk06/qc_issue_or_normal/
data,Agent Venom,Kaiyodo,Revoltech Amazing Yamaguchi,Spider-Man Series  Marvel Comics,Katsuhisa Yamaguchi,,"PVC, ABS, POM",AmiAmi,1 Year,true,[],Reddit report: https://reddit.com/r/AmazingYamaguchi/comments/1s2rlcb/agent_venoms_chest_splitting_apart/
data,Wirebug,Kaiyodo,Revoltech Amazing Yamaguchi,Monster Hunter RiseMonster Hunter Series,"Daichi Sugimoto, Shoutaro Sakamoto, Yu Shiying",,PVC & ABS,AmiAmi,2 Years,true,[],Reddit report: https://reddit.com/r/AmazingYamaguchi/comments/1s43bvf/side_to_side_hipleg_joint_movement_is_loose_but/
data,Agent Venom,Kaiyodo,Revoltech Amazing Yamaguchi,Spider-Man Series  Marvel Comics,Katsuhisa Yamaguchi,,"PVC, ABS, POM",AmiAmi,1 Year,true,[],Reddit report: https://reddit.com/r/AmazingYamaguchi/comments/1s2rlcb/agent_venoms_chest_splitting_apart/
data,Juri,Kaiyodo,Revoltech Amazing Yamaguchi,Street Fighter 6 Street Fighter Series,Shotaro Sakamoto,,"PVC, ABS, POM",AmiAmi,1 Year,true,[],Reddit report: https://reddit.com/r/AmazingYamaguchi/comments/1sg85xx/did_anyone_else_get_the_new_juri_action_figure/
