figure_name,brand,product_line,reddit_author,reddit_date,reddit_permalink,matched_keyword,match_type,confidence,detected_issues
Wirebug,Kaiyodo,Revoltech Amazing Yamaguchi,Borjz,2026-03-26T10:06:01.000Z,https://reddit.com/r/AmazingYamaguchi/comments/1s43bvf/side_to_side_hipleg_joint_movement_is_loose_but/,monster hunter,phrase,High,
Agent Venom,Kaiyodo,Revoltech Amazing Yamaguchi,peterporker0_0,2026-03-24T21:48:38.000Z,https://reddit.com/r/AmazingYamaguchi/comments/1s2rlcb/agent_venoms_chest_splitting_apart/,agent venom,full,High,
Ayane,Kaiyodo,Revoltech Amazing Yamaguchi,zgrobbot,2026-03-23T22:48:50.000Z,https://reddit.com/r/AmazingYamaguchi/comments/1s1wb8n/ng3_ayane_qc_question/,ayane,full,High,
All Might,Kaiyodo,Revoltech Amazing Yamaguchi,Plenty_Play2130,2026-03-20T20:34:39.000Z,https://reddit.com/r/AmazingYamaguchi/comments/1rz7hm6/anyone_know_how_i_can_fix_the_hip_ball_joint_on/,all might,full,High,
,,,Wandering_Shut_in,2026-03-20T10:01:08.000Z,https://reddit.com/r/AmazingYamaguchi/comments/1rys6b1/i_think_my_first_revoltech_figure_came_with_a/,,,,
Batman Beyond (Terry McGinnis),Kaiyodo,Revoltech Amazing Yamaguchi,marcus__daniel,2026-03-16T04:29:25.000Z,https://reddit.com/r/AmazingYamaguchi/comments/1ruzu4u/broken_batman_beyond/,batman beyond,no-parens,High,
,,,National-Flamingo637,2026-03-16T01:13:15.000Z,https://reddit.com/r/AmazingYamaguchi/comments/1ruvqqe/need_help_fixing_loose_hand/,,,,
Izuku Midoriya(Deku),Kaiyodo,Revoltech Amazing Yamaguchi,Calm-Way2636,2026-03-08T10:37:56.000Z,https://reddit.com/r/AmazingYamaguchi/comments/1ro1oqe/new_deku_revoltech_qc_problem/,deku,parens-content,High,warped_parts
,,,Choice_Weather_7707,2026-03-06T04:14:15.000Z,https://reddit.com/r/AmazingYamaguchi/comments/1rm3wfv/what_do_i_do/,,,,
Katsuki Bakugo (Great Explosion Murder God Dynamight),Takara Tomy X Kaiyodo,Revoltech Amazing Yamaguchi,Alexhaddad400,2026-02-27T15:01:52.000Z,https://reddit.com/r/AmazingYamaguchi/comments/1rg90c1/hey_guys_i_got_this_revoltech_bakugo_on_ebay_and/,bakugo,word,Low,
,,,foruzontomato,2026-02-15T17:09:58.000Z,https://reddit.com/r/AmazingYamaguchi/comments/1r5jyql/my_first_revoltech_and_i_got_hit_with_this/,,,,
Batman Beyond (Terry McGinnis),Kaiyodo,Revoltech Amazing Yamaguchi,Front-Masterpiece-73,2026-02-15T09:56:39.000Z,https://reddit.com/r/AmazingYamaguchi/comments/1r5av8j/im_tired_of_gambling_on_100_dollar_figures/,batman beyond,no-parens,High,
,,,Puzzled_Scallion_245,2026-02-12T12:00:01.000Z,https://reddit.com/r/AmazingYamaguchi/comments/1r2rkbe/can_someone_tell_me_how_the_fuck_do_i_fix_this_it/,,,,
,,,Plenty_Play2130,2026-02-10T05:04:26.000Z,https://reddit.com/r/AmazingYamaguchi/comments/1r0rtfj/should_i_be_worried_is_amazing_yamaguchis_erens/,,,,
,,,Low_hanger_died,2026-02-03T07:44:24.000Z,https://reddit.com/r/AmazingYamaguchi/comments/1quluq1/need_help/,,,,
Psylocke,Kaiyodo,Revoltech Amazing Yamaguchi,Alexhaddad400,2026-02-01T03:38:23.000Z,https://reddit.com/r/AmazingYamaguchi/comments/1qsnh6k/hey_guys_i_need_help_i_recently_broke_this_piece/,psylocke,full,High,
Batman Beyond (Terry McGinnis),Kaiyodo,Revoltech Amazing Yamaguchi,National-Flamingo637,2026-01-31T20:02:49.000Z,https://reddit.com/r/AmazingYamaguchi/comments/1qscmyh/batman_beyond_qc/,batman beyond,no-parens,High,
,,,EitherTechnology2544,2026-01-29T23:15:40.000Z,https://reddit.com/r/AmazingYamaguchi/comments/1qqofjh/yall_be_careful/,,,,
Moon Knight,Kaiyodo,Revoltech Amazing Yamaguchi,IronLeague24,2026-01-29T10:12:59.000Z,https://reddit.com/r/AmazingYamaguchi/comments/1qq4s0f/hows_his_joint_after_few_years_monster_hunter/,moon knight,full,High,
Psylocke,Kaiyodo,Revoltech Amazing Yamaguchi,Alexhaddad400,2026-01-28T05:01:20.000Z,https://reddit.com/r/AmazingYamaguchi/comments/1qp227d/i_need_help_with_my_psylocke_so_far_this_figure/,psylocke,full,High,
Psylocke,Kaiyodo,Revoltech Amazing Yamaguchi,Alexhaddad400,2026-01-28T02:27:29.000Z,https://reddit.com/r/AmazingYamaguchi/comments/1qoyomj/i_need_help_with_a_joint_on_my_psylocke_on_the/,psylocke,full,High,
Batman Beyond (Terry McGinnis),Kaiyodo,Revoltech Amazing Yamaguchi,familyfriendlyvnmese,2026-01-27T13:57:35.000Z,https://reddit.com/r/AmazingYamaguchi/comments/1qoejgn/revoltechs_yellow/,batman beyond,no-parens,High,
All Might,Kaiyodo,Revoltech Amazing Yamaguchi,Plenty_Play2130,2026-01-26T20:55:24.000Z,https://reddit.com/r/AmazingYamaguchi/comments/1qnsn44/is_anybody_willing_to_sell_me_a_broken_amazing/,all might,full,High,missing_parts
,,,NeoGmrXx,2026-01-20T21:43:16.000Z,https://reddit.com/r/AmazingYamaguchi/comments/1qiejmg/got_hit_by_the_qc/,,,,
,,,Aggressive-Ferret-32,2026-01-19T15:56:00.000Z,https://reddit.com/r/AmazingYamaguchi/comments/1qh7xpa/help_removing_broken_peg_from_hand/,,,,broken_parts
,,,Spare_Efficiency4368,2026-01-19T00:52:00.000Z,https://reddit.com/r/AmazingYamaguchi/comments/1qgppyt/they_gotta_get_their_shit_together/,,,,
Batman Beyond (Terry McGinnis),Kaiyodo,Revoltech Amazing Yamaguchi,Deen9030,2026-01-18T03:40:06.000Z,https://reddit.com/r/AmazingYamaguchi/comments/1qfxume/is_this_a_common_problem_with_batman_beyond/,batman beyond,no-parens,High,
,,,Lower_Hospital_2705,2026-01-11T15:25:11.000Z,https://reddit.com/r/AmazingYamaguchi/comments/1qa221k/first_revoltech_and/,,,,
Spider-Man(Peter Parker),Kaiyodo,Revoltech Amazing Yamaguchi,AdIntelligent2524,2026-01-10T01:00:09.000Z,https://reddit.com/r/AmazingYamaguchi/comments/1q8q29b/spiderman_20_qc/,spiderman,no-parens,High,
,,,Loaded_ghost,2026-01-09T05:23:03.000Z,https://reddit.com/r/AmazingYamaguchi/comments/1q7zoyf/question_help/,,,,
Izuku Midoriya(Deku),Kaiyodo,Revoltech Amazing Yamaguchi,remakfallofcybertron,2026-01-04T10:07:15.000Z,https://reddit.com/r/AmazingYamaguchi/comments/1q3mc99/help_me_with_my_revoltech_deku_issues_please/,deku,parens-content,High,
,,,N7Destroyah,2026-01-03T03:59:28.000Z,https://reddit.com/r/AmazingYamaguchi/comments/1q2kdun/got_juri_han_but/,,,,
Batman Beyond (Terry McGinnis),Kaiyodo,Revoltech Amazing Yamaguchi,National-Flamingo637,2026-01-01T00:15:34.000Z,https://reddit.com/r/AmazingYamaguchi/comments/1q0r616/i_need_help_with_tight_joints/,batman beyond,no-parens,High,stiff_joints
,,,Proof-Performance-55,2025-12-30T07:53:18.000Z,https://reddit.com/r/AmazingYamaguchi/comments/1pzc8cg/this_gorgeous_chunli_figure_is_my_first_ay_figure/,,,,
Batman Beyond (Terry McGinnis),Kaiyodo,Revoltech Amazing Yamaguchi,Boring-Level-5316,2025-12-27T04:58:27.000Z,https://reddit.com/r/AmazingYamaguchi/comments/1pwp96h/need_help/,batman beyond,no-parens,High,
Deadpool,Kaiyodo,Revoltech Amazing Yamaguchi,Skelton008,2025-12-27T03:20:32.000Z,https://reddit.com/r/AmazingYamaguchi/comments/1pwnbmg/does_anyone_have_this/,deadpool,full,High,
Arkham Knight,Kaiyodo,Revoltech Amazing Yamaguchi,archonpho,2025-12-23T06:57:23.000Z,https://reddit.com/r/AmazingYamaguchi/comments/1ptndm3/how_would_you_fix_this_arkham_knight_15_leg/,arkham knight,full,High,
Genos(Demon Cyborg),Kaiyodo,Revoltech Amazing Yamaguchi,Shae_lol,2025-12-22T14:46:49.000Z,https://reddit.com/r/AmazingYamaguchi/comments/1pt1c6h/how_do_i_fix_this_loose_joint/,genos,no-parens,High,loose_joints
,,,Familiar-Hurry7151,2025-12-12T02:22:53.000Z,https://reddit.com/r/AmazingYamaguchi/comments/1pkg616/i_was_posing_one_of_my_figs_when_this_happened/,,,,
,,,autumnal13,2025-12-06T18:04:05.000Z,https://reddit.com/r/AmazingYamaguchi/comments/1pfvnmn/any_ideas/,,,,
Captain America (Steve Rogers),Kaiyodo,Revoltech Amazing Yamaguchi,quilluwu,2025-12-02T06:15:15.000Z,https://reddit.com/r/AmazingYamaguchi/comments/1pc144g/is_this_cap_legit/,captain america,no-parens,High,
,,,MACRO_9,2025-12-01T19:28:49.000Z,https://reddit.com/r/AmazingYamaguchi/comments/1pbm9kj/is_this_a_bad_qc_or_a_bootleg_of_this_figure_is/,,,,
,,,No_Marzipan5312,2025-11-28T06:24:12.000Z,https://reddit.com/r/AmazingYamaguchi/comments/1p8ns03/anyone_know_how_to_fix_the_looseness_on_the_lower/,,,,
,,,BigMystic7,2025-11-27T19:15:41.000Z,https://reddit.com/r/AmazingYamaguchi/comments/1p8ajk1/shes_fixed/,,,,
,,,Less-Pirate-5509,2025-11-27T13:44:01.000Z,https://reddit.com/r/AmazingYamaguchi/comments/1p82jex/help_with_arm_issue/,,,,
Venom (Anti-Venom/Eddie Brock),Kaiyodo,Revoltech Amazing Yamaguchi,Dinosaur_fan_boy,2025-11-24T11:38:12.000Z,https://reddit.com/r/AmazingYamaguchi/comments/1p5et5l/does_anyone_know_how_to_take_out_this_amazing/,venom,no-parens,High,
Ayane,Kaiyodo,Revoltech Amazing Yamaguchi,N7Destroyah,2025-11-16T23:16:14.000Z,https://reddit.com/r/AmazingYamaguchi/comments/1oz0cp1/ayane_is_here_but/,ayane,full,High,
Carnage,Kaiyodo,Revoltech Amazing Yamaguchi,Familiar-Hurry7151,2025-11-04T22:37:21.000Z,https://reddit.com/r/AmazingYamaguchi/comments/1ooloqd/my_ay_carnage_neck_piece_broke_and_i_need_help/,carnage,full,High,
,,,defeatedpenguins,2025-10-31T20:16:42.000Z,https://reddit.com/r/AmazingYamaguchi/comments/1ol534d/please_help/,,,,
,,,Visual-Difficulty375,2025-10-26T19:33:19.000Z,https://reddit.com/r/AmazingYamaguchi/comments/1ogto23/first_revoltech_need_help/,,,,warped_parts
Arkham Knight,Kaiyodo,Revoltech Amazing Yamaguchi,Careful-Ordinary2373,2025-10-21T14:15:03.000Z,https://reddit.com/r/AmazingYamaguchi/comments/1oce4ua/how_do_i_fix_this/,arkham knight,full,High,
,,,DhamianConH,2025-10-17T22:53:29.000Z,https://reddit.com/r/AmazingYamaguchi/comments/1o9freh/broken_joint/,,,,broken_parts
,,,Relevant-Prompt-1647,2025-10-11T21:56:11.000Z,https://reddit.com/r/AmazingYamaguchi/comments/1o47z2h/revoltech_himiko_toga/,,,,
,,,Startled_Kirby,2025-10-03T20:28:28.000Z,https://reddit.com/r/AmazingYamaguchi/comments/1nxa8zr/ay_revoltech_chun_li_qc_issues_broken_out_of_the/,,,,
,,,heavyengine2,2025-09-30T22:31:55.000Z,https://reddit.com/r/AmazingYamaguchi/comments/1nurd9t/how_to_fix/,,,,
,,,fbvvv,2025-09-24T20:56:01.000Z,https://reddit.com/r/AmazingYamaguchi/comments/1npnsom/missing/,,,,
Spider-Man(Peter Parker),Kaiyodo,Revoltech Amazing Yamaguchi,Stock_Entertainer_86,2025-09-20T21:21:42.000Z,https://reddit.com/r/AmazingYamaguchi/comments/1nm9yck/ay_spiderman_leg_popped_off_wont_go_back_on/,spiderman,no-parens,High,
Agent Venom,Kaiyodo,Revoltech Amazing Yamaguchi,Hopeful-Gain-3591,2025-09-19T12:44:47.000Z,https://reddit.com/r/AmazingYamaguchi/comments/1nl2kez/revoltech_agent_venom/,agent venom,full,High,
Female Titan,Kaiyodo,Revoltech Amazing Yamaguchi,Strisciaverde,2025-09-18T13:32:36.000Z,https://reddit.com/r/AmazingYamaguchi/comments/1nk8esv/ay_revoltech_female_titan_qc_issue_double_right/,female titan,full,High,
,,,rebell_scumm,2025-09-18T02:10:43.000Z,https://reddit.com/r/AmazingYamaguchi/comments/1njw69l/bad_qc_on_revoltech_himiko_toga/,,,,
Agent Venom,Kaiyodo,Revoltech Amazing Yamaguchi,jbmsicat,2025-09-14T18:50:25.000Z,https://reddit.com/r/AmazingYamaguchi/comments/1ngzfhq/how_to_fix_agent_venom/,agent venom,full,High,
Batman Beyond (Terry McGinnis),Kaiyodo,Revoltech Amazing Yamaguchi,keehartwo,2025-09-14T03:13:00.000Z,https://reddit.com/r/AmazingYamaguchi/comments/1ngggga/why_did_they_seal_it_with_a_kaiyodo_sticker/,batman beyond,no-parens,High,
Black Panther(T'Challa),Kaiyodo,Revoltech Amazing Yamaguchi,ahebu,2025-09-10T03:00:57.000Z,https://reddit.com/r/AmazingYamaguchi/comments/1nd33xz/black_panther_knee_help/,black panther,no-parens,High,loose_joints
,,,PrimalCosplay,2025-09-09T20:34:35.000Z,https://reddit.com/r/AmazingYamaguchi/comments/1ncubfo/has_this_ever_happened_to_any_one_before_or_is/,,,,
Agent Venom,Kaiyodo,Revoltech Amazing Yamaguchi,TitanPlungerCamman,2025-09-07T17:16:15.000Z,https://reddit.com/r/AmazingYamaguchi/comments/1nayxmh/how_do_i_fix_agent_venoms_loose_hand/,agent venom,full,High,
Izuku Midoriya(Deku),Kaiyodo,Revoltech Amazing Yamaguchi,ProfessorLast-2187,2025-09-04T05:13:04.000Z,https://reddit.com/r/AmazingYamaguchi/comments/1n81h37/revoltech_deku_help/,deku,parens-content,High,
Saitama (Caped Baldy),Kaiyodo,Revoltech Amazing Yamaguchi,ManyIll9485,2025-09-01T12:53:43.000Z,https://reddit.com/r/AmazingYamaguchi/comments/1n5nwft/wider_gaps_neck_thats_a_little_loose_and_a_very/,saitama,no-parens,High,
Batman Beyond (Terry McGinnis),Kaiyodo,Revoltech Amazing Yamaguchi,Borregita_69,2025-08-29T21:47:01.000Z,https://reddit.com/r/AmazingYamaguchi/comments/1n3k8oj/batman_beyond_qc_issue_help/,batman beyond,no-parens,High,
Enji Todoroki(Endeavor),Takara Tomy X Kaiyodo,Revoltech Amazing Yamaguchi,JLYCIL,2025-08-29T00:57:16.000Z,https://reddit.com/r/AmazingYamaguchi/comments/1n2tnbf/arm_socket_popping_off/,endeavor,parens-content,High,
Carnage,Kaiyodo,Revoltech Amazing Yamaguchi,marcus__daniel,2025-08-27T00:56:00.000Z,https://reddit.com/r/AmazingYamaguchi/comments/1n13a1q/broken_hip_joint_carnage/,carnage,full,High,
All Might,Kaiyodo,Revoltech Amazing Yamaguchi,JLYCIL,2025-08-26T21:30:08.000Z,https://reddit.com/r/AmazingYamaguchi/comments/1n0yipg/all_might_knee_problem/,all might,full,High,
War Machine (James Rupert Rhodes/Iron Patriot),Kaiyodo,Revoltech Amazing Yamaguchi,montcychen,2025-08-09T13:40:53.000Z,https://reddit.com/r/AmazingYamaguchi/comments/1mlppue/war_machine/,war machine,no-parens,High,
Hawks(Keigo Takami),Takara Tomy X Kaiyodo,Revoltech Amazing Yamaguchi,Informal_Tree_5550,2025-08-01T22:17:39.000Z,https://reddit.com/r/AmazingYamaguchi/comments/1mf9zld/help_needed/,hawks,no-parens,High,
Agent Venom,Kaiyodo,Revoltech Amazing Yamaguchi,Ok_Trust6529,2025-07-30T18:35:23.000Z,https://reddit.com/r/AmazingYamaguchi/comments/1mdelix/does_anyone_know_how_to_help/,agent venom,full,High,
Deadpool,Kaiyodo,Revoltech Amazing Yamaguchi,Therotijohn,2025-07-30T08:53:54.000Z,https://reddit.com/r/AmazingYamaguchi/comments/1md1gy7/deadpool_25_quality_issues/,deadpool,full,High,
Spider-Man(Peter Parker),Kaiyodo,Revoltech Amazing Yamaguchi,Spare_Efficiency4368,2025-07-29T20:02:51.000Z,https://reddit.com/r/AmazingYamaguchi/comments/1mclw6y/spiderman_thigh_joints/,spider-man,no-parens,High,
Agent Venom,Kaiyodo,Revoltech Amazing Yamaguchi,Hagarrox5,2025-07-24T01:52:53.000Z,https://reddit.com/r/AmazingYamaguchi/comments/1m7rt7n/collecting_for_67_years_and_bought_reissue_of/,agent venom,full,High,
,,,luckychaingan,2025-07-16T01:33:56.000Z,https://reddit.com/r/AmazingYamaguchi/comments/1m0zwwe/anybody_knows_how_to_fix_this/,,,,
,,,ConstructionEastern1,2025-07-14T23:45:23.000Z,https://reddit.com/r/AmazingYamaguchi/comments/1m02hw3/revoltech_needs_to_lock_in/,,,,
,,,Key_Toe700,2025-07-11T10:43:07.000Z,https://reddit.com/r/AmazingYamaguchi/comments/1lx3mff/help/,,,,
,,,poop123595,2025-07-11T02:20:11.000Z,https://reddit.com/r/AmazingYamaguchi/comments/1lwv7wb/should_i_ask_for_a_replacement_on_hobby_genki_or/,,,,
Saitama (Caped Baldy),Kaiyodo,Revoltech Amazing Yamaguchi,STARTERT9,2025-07-11T01:59:05.000Z,https://reddit.com/r/AmazingYamaguchi/comments/1lwus95/one_punch_cape_help/,saitama,no-parens,High,
,,,sergexz,2025-07-08T16:03:19.000Z,https://reddit.com/r/AmazingYamaguchi/comments/1lush74/i_got_my_first_revoltech_figure_but_this_joint_is/,,,,
,,,luckychaingan,2025-07-07T21:13:33.000Z,https://reddit.com/r/AmazingYamaguchi/comments/1lu68h2/stuck_joint_been_trying_hot_water_blow_drier/,,,,stiff_joints
,,,DorkVader_1,2025-07-03T17:08:06.000Z,https://reddit.com/r/AmazingYamaguchi/comments/1lquzx1/revolted_mirko_stuck_join/,,,,
,,,Reflex_jack,2025-06-11T01:06:35.000Z,https://reddit.com/r/AmazingYamaguchi/comments/1l8ftdb/been_trying_to_fix_this_for_ages/,,,,
Flash(Barry Allen),Kaiyodo,Revoltech Amazing Yamaguchi,ansarro,2025-06-02T19:42:08.000Z,https://reddit.com/r/AmazingYamaguchi/comments/1l1rkde/flashs_leg_keeps_popping_off/,flash,no-parens,High,
Batman(Bruce Wayne),Kaiyodo,Revoltech Amazing Yamaguchi,Flaky-Celebration225,2025-05-26T14:46:53.000Z,https://reddit.com/r/AmazingYamaguchi/comments/1kvw71t/arkham_batman_this_part_was_completly_broke/,batman,no-parens,High,
Deadpool,Kaiyodo,Revoltech Amazing Yamaguchi,Prestigious_Fail_380,2025-05-23T03:03:08.000Z,https://reddit.com/r/AmazingYamaguchi/comments/1kt9bzl/got_my_25_deadpool_but/,deadpool,full,High,
,,,claytonJ_2009,2025-05-22T03:35:10.000Z,https://reddit.com/r/AmazingYamaguchi/comments/1ksh5l5/any_recommendations_for_fixing/,,,,
Flash(Barry Allen),Kaiyodo,Revoltech Amazing Yamaguchi,GOOBGOB-,2025-05-01T00:41:15.000Z,https://reddit.com/r/AmazingYamaguchi/comments/1kbw2xx/any_one_know_of_good_replacement_pegs/,flash,no-parens,High,
,,,goldenmem,2025-05-01T00:04:27.000Z,https://reddit.com/r/AmazingYamaguchi/comments/1kbvcfj/help_it_broke_straight_put_of_the_box_any_good/,,,,
,,,Evening_Agent7011,2025-04-27T23:44:47.000Z,https://reddit.com/r/AmazingYamaguchi/comments/1k9hx59/loose_waist_swivel/,,,,
Arkham Knight,Kaiyodo,Revoltech Amazing Yamaguchi,mqo1,2025-04-27T17:34:29.000Z,https://reddit.com/r/AmazingYamaguchi/comments/1k99jvv/arkham_knight_right_knee_peg_help_has_anyone_had/,arkham knight,full,High,
Deadpool,Kaiyodo,Revoltech Amazing Yamaguchi,LastMonsoon,2025-04-25T06:10:42.000Z,https://reddit.com/r/AmazingYamaguchi/comments/1k7dyri/yamaguchi_deadpool_25_loose_leg_fix_video_i_made/,deadpool,full,High,loose_joints
Deadpool,Kaiyodo,Revoltech Amazing Yamaguchi,OhioTickler,2025-04-21T06:05:03.000Z,https://reddit.com/r/AmazingYamaguchi/comments/1k46joe/help/,deadpool,full,High,
Spider-Man (Peter Parker) Original Ver.,Kaiyodo,Revoltech Amazing Yamaguchi,PrimalCosplay,2025-04-05T20:46:47.000Z,https://reddit.com/r/AmazingYamaguchi/comments/1jsd8ym/figure_is_great_but_the_headface_segment_is_god/,original,word,Medium,
Ryu Hayabusa,Kaiyodo,Revoltech Amazing Yamaguchi,jasonyuuu,2025-04-05T19:32:04.000Z,https://reddit.com/r/AmazingYamaguchi/comments/1jsbk06/qc_issue_or_normal/,ryu hayabusa,full,High,
,,,TeaAffectionate5880,2025-04-05T17:00:50.000Z,https://reddit.com/r/AmazingYamaguchi/comments/1js823n/eren_figure_fist_stuck_on_wrist_peg/,,,,
Ryu Hayabusa,Kaiyodo,Revoltech Amazing Yamaguchi,BigMFChimpy,2025-04-01T08:53:51.000Z,https://reddit.com/r/AmazingYamaguchi/comments/1joqzkt/ryu_hayabusa_from_aliexpress/,ryu hayabusa,full,High,
Agent Venom,Kaiyodo,Revoltech Amazing Yamaguchi,peterporker0_0,2026-03-24T21:48:38.000Z,https://reddit.com/r/AmazingYamaguchi/comments/1s2rlcb/agent_venoms_chest_splitting_apart/,agent venom,full,High,
Wirebug,Kaiyodo,Revoltech Amazing Yamaguchi,Borjz,2026-03-26T10:06:01.000Z,https://reddit.com/r/AmazingYamaguchi/comments/1s43bvf/side_to_side_hipleg_joint_movement_is_loose_but/,monster hunter,phrase,High,
Agent Venom,Kaiyodo,Revoltech Amazing Yamaguchi,peterporker0_0,2026-03-24T21:48:38.000Z,https://reddit.com/r/AmazingYamaguchi/comments/1s2rlcb/agent_venoms_chest_splitting_apart/,agent venom,full,High,
